area,year,total_energy,month,price
chubu,2004,10888543,2,15.84461974118975
chubu,2004,10388361,3,15.84461974118975
chubu,2004,11070061,1,15.84461974118975
chubu,2005,10862304,2,15.401779983530789
chubu,2005,10726957,3,15.401779983530789
chubu,2005,11112579,1,15.401779983530789
chubu,2006,11348643,2,15.451316838969362
chubu,2006,11035291,3,15.451316838969362
chubu,2006,12026896,1,15.451316838969362
chubu,2007,11352835,2,15.497583329268776
chubu,2007,11131549,3,15.497583329268776
chubu,2007,11716974,1,15.497583329268776
chubu,2008,12366338,2,16.075363852563395
chubu,2008,11926379,3,16.075363852563395
chubu,2008,11950867,1,16.075363852563395
chubu,2009,10065291,2,18.00042494550639
chubu,2009,9622767,3,18.00042494550639
chubu,2009,11033695,1,18.00042494550639
chubu,2010,11013586,2,15.719583684628342
chubu,2010,10522893,3,15.719583684628342
chubu,2010,11560339,1,15.719583684628342
chubu,2011,11470658,2,16.280688293058994
chubu,2011,10643949,3,16.280688293058994
chubu,2011,11891333,1,16.280688293058994
chubu,2012,11596843,2,17.46914211886322
chubu,2012,11379604,3,17.46914211886322
chubu,2012,11593217,1,17.46914211886322
chubu,2013,11170784,2,18.1574330863966
chubu,2013,10625766,3,18.1574330863966
chubu,2013,11437517,1,18.1574330863966
chubu,2014,11311923,2,20.36537361754521
chubu,2014,10870778,3,20.36537361754521
chubu,2014,11833218,1,20.36537361754521
chubu,2015,11061780,2,21.15716078343231
chubu,2015,10519575,3,21.15716078343231
chubu,2015,11838828,1,21.15716078343231
chugoku,2004,4636177,3,14.689348871328695
chugoku,2004,5004569,1,14.689348871328695
chugoku,2004,4969844,2,14.689348871328695
chugoku,2005,4923740,3,14.777007660517018
chugoku,2005,5167880,1,14.777007660517018
chugoku,2005,5034634,2,14.777007660517018
chugoku,2006,4980628,3,15.386513175088702
chugoku,2006,5560193,1,15.386513175088702
chugoku,2006,5196231,2,15.386513175088702
chugoku,2007,5141647,3,14.744099211280409
chugoku,2007,5547900,1,14.744099211280409
chugoku,2007,5300507,2,14.744099211280409
chugoku,2008,5503441,3,15.5089284061825
chugoku,2008,5649388,1,15.5089284061825
chugoku,2008,5791011,2,15.5089284061825
chugoku,2009,4782344,3,16.83551907532673
chugoku,2009,5166643,1,16.83551907532673
chugoku,2009,4934111,2,16.83551907532673
chugoku,2010,5005472,3,14.746525087296616
chugoku,2010,5579634,1,14.746525087296616
chugoku,2010,5266028,2,14.746525087296616
chugoku,2011,5190770,3,15.345976813919288
chugoku,2011,5808568,1,15.345976813919288
chugoku,2011,5611020,2,15.345976813919288
chugoku,2012,5277335,3,16.453406319013503
chugoku,2012,5474502,1,16.453406319013503
chugoku,2012,5427335,2,16.453406319013503
chugoku,2013,4874895,3,16.930965649680413
chugoku,2013,5562155,1,16.930965649680413
chugoku,2013,5165564,2,16.930965649680413
chugoku,2014,5045089,3,17.889167022484898
chugoku,2014,5598893,1,17.889167022484898
chugoku,2014,5341871,2,17.889167022484898
chugoku,2015,5007704,3,17.62240009017808
chugoku,2015,5708416,1,17.62240009017808
chugoku,2015,5189840,2,17.62240009017808
hokkaido,2004,2636671,3,16.729834383883738
hokkaido,2004,2752995,2,16.729834383883738
hokkaido,2004,2869732,1,16.729834383883738
hokkaido,2005,2670380,3,16.444519283839746
hokkaido,2005,2820765,2,16.444519283839746
hokkaido,2005,2982150,1,16.444519283839746
hokkaido,2006,2661764,3,17.147223141850144
hokkaido,2006,2922686,2,17.147223141850144
hokkaido,2006,3131735,1,17.147223141850144
hokkaido,2007,2788973,3,16.46259541625648
hokkaido,2007,2920683,2,16.46259541625648
hokkaido,2007,3109748,1,16.46259541625648
hokkaido,2008,2989179,3,17.26838530435491
hokkaido,2008,3103781,2,17.26838530435491
hokkaido,2008,3174367,1,17.26838530435491
hokkaido,2009,2768528,3,16.91156315784598
hokkaido,2009,2874971,2,16.91156315784598
hokkaido,2009,3144611,1,16.91156315784598
hokkaido,2010,2931304,3,16.351016992322524
hokkaido,2010,2981083,2,16.351016992322524
hokkaido,2010,3261626,1,16.351016992322524
hokkaido,2011,2917485,3,16.90763953451095
hokkaido,2011,3024851,2,16.90763953451095
hokkaido,2011,3310185,1,16.90763953451095
hokkaido,2012,3095981,3,17.437936969050366
hokkaido,2012,3103716,2,17.437936969050366
hokkaido,2012,3398532,1,17.437936969050366
hokkaido,2013,2845081,3,17.705376812138446
hokkaido,2013,3016777,2,17.705376812138446
hokkaido,2013,3277680,1,17.705376812138446
hokkaido,2014,2787649,3,20.307227419661135
hokkaido,2014,3028730,2,20.307227419661135
hokkaido,2014,3160828,1,20.307227419661135
hokkaido,2015,2580944,3,22.431755419369324
hokkaido,2015,2849292,2,22.431755419369324
hokkaido,2015,3190487,1,22.431755419369324
hokuriku,2004,2295372,2,14.513474371365842
hokuriku,2004,2279341,3,14.513474371365842
hokuriku,2004,2410755,1,14.513474371365842
hokuriku,2005,2329161,2,14.132001965348769
hokuriku,2005,2431402,3,14.132001965348769
hokuriku,2005,2506505,1,14.132001965348769
hokuriku,2006,2430859,2,14.48227674693597
hokuriku,2006,2479303,3,14.48227674693597
hokuriku,2006,2747175,1,14.48227674693597
hokuriku,2007,2392987,2,13.985571970019189
hokuriku,2007,2498927,3,13.985571970019189
hokuriku,2007,2595335,1,13.985571970019189
hokuriku,2008,2706161,2,14.279158768055025
hokuriku,2008,2572810,3,14.279158768055025
hokuriku,2008,2694773,1,14.279158768055025
hokuriku,2009,2267983,2,15.174395986448303
hokuriku,2009,2185758,3,15.174395986448303
hokuriku,2009,2530377,1,15.174395986448303
hokuriku,2010,2521983,2,14.02243489431257
hokuriku,2010,2503474,3,14.02243489431257
hokuriku,2010,2686284,1,14.02243489431257
hokuriku,2011,2674962,2,14.413630830689351
hokuriku,2011,2633344,3,14.413630830689351
hokuriku,2011,2838540,1,14.413630830689351
hokuriku,2012,2747325,2,15.047011252498118
hokuriku,2012,2546709,3,15.047011252498118
hokuriku,2012,2768472,1,15.047011252498118
hokuriku,2013,2574013,2,15.279276785841152
hokuriku,2013,2454118,3,15.279276785841152
hokuriku,2013,2743568,1,15.279276785841152
hokuriku,2014,2564673,2,15.937466266239785
hokuriku,2014,2538596,3,15.937466266239785
hokuriku,2014,2813962,1,15.937466266239785
hokuriku,2015,2579184,2,15.66155544724024
hokuriku,2015,2531417,3,15.66155544724024
hokuriku,2015,2890369,1,15.66155544724024
kansai,2004,11434700,3,15.890711804410572
kansai,2004,12756375,1,15.890711804410572
kansai,2004,12150986,2,15.890711804410572
kansai,2005,11881437,3,15.452134584419952
kansai,2005,12752270,1,15.452134584419952
kansai,2005,12095263,2,15.452134584419952
kansai,2006,12149558,3,15.337222505882682
kansai,2006,13691067,1,15.337222505882682
kansai,2006,12441689,2,15.337222505882682
kansai,2007,11894346,3,15.347734105908987
kansai,2007,13061198,1,15.347734105908987
kansai,2007,12205397,2,15.347734105908987
kansai,2008,12805831,3,15.595734789417572
kansai,2008,13357735,1,15.595734789417572
kansai,2008,13315027,2,15.595734789417572
kansai,2009,11199533,3,16.346417790077076
kansai,2009,13036269,1,16.346417790077076
kansai,2009,11754305,2,16.346417790077076
kansai,2010,11792304,3,15.127459170390845
kansai,2010,13502606,1,15.127459170390845
kansai,2010,12361041,2,15.127459170390845
kansai,2011,12317043,3,15.413885375910487
kansai,2011,14015115,1,15.413885375910487
kansai,2011,13024445,2,15.413885375910487
kansai,2012,12629038,3,16.205077852470247
kansai,2012,13138863,1,16.205077852470247
kansai,2012,12805602,2,16.205077852470247
kansai,2013,11770333,3,18.138054937962583
kansai,2013,13299971,1,18.138054937962583
kansai,2013,12275895,2,18.138054937962583
kansai,2014,11756977,3,20.440022644638702
kansai,2014,13317845,1,20.440022644638702
kansai,2014,12336540,2,20.440022644638702
kansai,2015,11223041,3,20.808760751257196
kansai,2015,13163703,1,20.808760751257196
kansai,2015,11922749,2,20.808760751257196
kyushu,2004,6627082,2,16.078707594490805
kyushu,2004,6298702,3,16.078707594490805
kyushu,2004,7102445,1,16.078707594490805
kyushu,2005,6810272,2,15.346087400429523
kyushu,2005,6725302,3,15.346087400429523
kyushu,2005,7070642,1,15.346087400429523
kyushu,2006,6992637,2,15.177835519642429
kyushu,2006,6716970,3,15.177835519642429
kyushu,2006,7781385,1,15.177835519642429
kyushu,2007,7037838,2,15.040968626370782
kyushu,2007,6785249,3,15.040968626370782
kyushu,2007,7564681,1,15.040968626370782
kyushu,2008,7494262,2,15.39038504209248
kyushu,2008,7445799,3,15.39038504209248
kyushu,2008,7817814,1,15.39038504209248
kyushu,2009,6942670,2,16.276696797223295
kyushu,2009,6446497,3,16.276696797223295
kyushu,2009,7736147,1,16.276696797223295
kyushu,2010,7217946,2,14.936103839324716
kyushu,2010,6739681,3,14.936103839324716
kyushu,2010,7928918,1,14.936103839324716
kyushu,2011,7885450,2,15.209145174802796
kyushu,2011,7055895,3,15.209145174802796
kyushu,2011,8288558,1,15.209145174802796
kyushu,2012,7653693,2,15.934037960609798
kyushu,2012,7185716,3,15.934037960609798
kyushu,2012,7852997,1,15.934037960609798
kyushu,2013,7210917,2,17.030433858227898
kyushu,2013,6841314,3,17.030433858227898
kyushu,2013,7902298,1,17.030433858227898
kyushu,2014,7239590,2,18.946494951019393
kyushu,2014,6978810,3,18.946494951019393
kyushu,2014,8014379,1,18.946494951019393
kyushu,2015,7095511,2,18.832935586626796
kyushu,2015,6886172,3,18.832935586626796
kyushu,2015,7979368,1,18.832935586626796
okinawa,2004,471133,3,18.14081832477821
okinawa,2004,497817,2,18.14081832477821
okinawa,2004,529970,1,18.14081832477821
okinawa,2005,489168,3,19.45562537410004
okinawa,2005,490240,2,19.45562537410004
okinawa,2005,544984,1,19.45562537410004
okinawa,2006,482350,3,20.077708277256576
okinawa,2006,498418,2,20.077708277256576
okinawa,2006,573940,1,20.077708277256576
okinawa,2007,486153,3,19.387702898369675
okinawa,2007,502381,2,19.387702898369675
okinawa,2007,563860,1,19.387702898369675
okinawa,2008,525853,3,20.691828386605785
okinawa,2008,516623,2,20.691828386605785
okinawa,2008,552133,1,20.691828386605785
okinawa,2009,496948,3,20.553491516770492
okinawa,2009,502616,2,20.553491516770492
okinawa,2009,576713,1,20.553491516770492
okinawa,2010,512586,3,19.4649218712149
okinawa,2010,519190,2,19.4649218712149
okinawa,2010,581639,1,19.4649218712149
okinawa,2011,502793,3,20.306533667007393
okinawa,2011,536536,2,20.306533667007393
okinawa,2011,600452,1,20.306533667007393
okinawa,2012,521481,3,21.263732657954968
okinawa,2012,520190,2,21.263732657954968
okinawa,2012,576299,1,21.263732657954968
okinawa,2013,496521,3,21.567305889646335
okinawa,2013,510768,2,21.567305889646335
okinawa,2013,562716,1,21.567305889646335
okinawa,2014,507597,3,22.536581363868105
okinawa,2014,513442,2,22.536581363868105
okinawa,2014,592670,1,22.536581363868105
okinawa,2015,505108,3,21.253357085524826
okinawa,2015,523515,2,21.253357085524826
okinawa,2015,592646,1,21.253357085524826
shikoku,2004,2275884,2,16.437108780813766
shikoku,2004,2461110,1,16.437108780813766
shikoku,2004,2222311,3,16.437108780813766
shikoku,2005,2307468,2,15.997648136624898
shikoku,2005,2463216,1,15.997648136624898
shikoku,2005,2320069,3,15.997648136624898
shikoku,2006,2354583,2,16.108555212175435
shikoku,2006,2634781,1,16.108555212175435
shikoku,2006,2355881,3,16.108555212175435
shikoku,2007,2351517,2,15.94664705259726
shikoku,2007,2555793,1,15.94664705259726
shikoku,2007,2333283,3,15.94664705259726
shikoku,2008,2585286,2,16.17354991925301
shikoku,2008,2701884,1,16.17354991925301
shikoku,2008,2474432,3,16.17354991925301
shikoku,2009,2307500,2,16.38942744119767
shikoku,2009,2630242,1,16.38942744119767
shikoku,2009,2233680,3,16.38942744119767
shikoku,2010,2371167,2,15.594793334739403
shikoku,2010,2618124,1,15.594793334739403
shikoku,2010,2322271,3,15.594793334739403
shikoku,2011,2495342,2,15.911441349664631
shikoku,2011,2771350,1,15.911441349664631
shikoku,2011,2435062,3,15.911441349664631
shikoku,2012,2504697,2,16.45860738049481
shikoku,2012,2683633,1,16.45860738049481
shikoku,2012,2478442,3,16.45860738049481
shikoku,2013,2366453,2,16.690343042386353
shikoku,2013,2646556,1,16.690343042386353
shikoku,2013,2279558,3,16.690343042386353
shikoku,2014,2362245,2,19.51414490762349
shikoku,2014,2608143,1,19.51414490762349
shikoku,2014,2300002,3,19.51414490762349
shikoku,2015,2307050,2,18.958639447326856
shikoku,2015,2620841,1,18.958639447326856
shikoku,2015,2314973,3,18.958639447326856
tohoku,2004,6694764,3,15.96533633112788
tohoku,2004,7067866,1,15.96533633112788
tohoku,2004,6682106,2,15.96533633112788
tohoku,2005,7160522,3,15.617513633646691
tohoku,2005,7249230,1,15.617513633646691
tohoku,2005,6907401,2,15.617513633646691
tohoku,2006,6998805,3,16.33702227072018
tohoku,2006,7900338,1,16.33702227072018
tohoku,2006,7129308,2,16.33702227072018
tohoku,2007,7148576,3,15.723527697779422
tohoku,2007,7616578,1,15.723527697779422
tohoku,2007,6998449,2,15.723527697779422
tohoku,2008,7426300,3,16.43534247642208
tohoku,2008,8070792,1,16.43534247642208
tohoku,2008,7702692,2,16.43534247642208
tohoku,2009,6595010,3,17.058701881217054
tohoku,2009,7226025,1,17.058701881217054
tohoku,2009,6821705,2,17.058701881217054
tohoku,2010,7236725,3,15.776111701540572
tohoku,2010,7725162,1,15.776111701540572
tohoku,2010,7258534,2,15.776111701540572
tohoku,2011,6226494,3,16.84220715661683
tohoku,2011,7942759,1,16.84220715661683
tohoku,2011,7571270,2,16.84220715661683
tohoku,2012,7222676,3,17.23951788507547
tohoku,2012,7538922,1,17.23951788507547
tohoku,2012,7538197,2,17.23951788507547
tohoku,2013,7081282,3,17.734809952228986
tohoku,2013,7820257,1,17.734809952228986
tohoku,2013,7169573,2,17.734809952228986
tohoku,2014,7164107,3,21.20745021196466
tohoku,2014,7750548,1,21.20745021196466
tohoku,2014,7386428,2,21.20745021196466
tohoku,2015,6921397,3,21.26444917967907
tohoku,2015,7889073,1,21.26444917967907
tohoku,2015,7055134,2,21.26444917967907
tokyo,2004,24878117,1,16.21835922669204
tokyo,2004,23030122,3,16.21835922669204
tokyo,2004,24402093,2,16.21835922669204
tokyo,2005,24545878,1,15.920488930527958
tokyo,2005,23899355,3,15.920488930527958
tokyo,2005,25593146,2,15.920488930527958
tokyo,2006,27159867,1,16.202812091350747
tokyo,2006,23762938,3,16.202812091350747
tokyo,2006,25306237,2,16.202812091350747
tokyo,2007,25875570,1,16.25508693640879
tokyo,2007,23468672,3,16.25508693640879
tokyo,2007,24620607,2,16.25508693640879
tokyo,2008,26960899,1,17.214265827770433
tokyo,2008,24495519,3,17.214265827770433
tokyo,2008,27189705,2,17.214265827770433
tokyo,2009,24755015,1,17.22915101529424
tokyo,2009,22763543,3,17.22915101529424
tokyo,2009,24261871,2,17.22915101529424
tokyo,2010,25986854,1,15.992122851445025
tokyo,2010,23730733,3,15.992122851445025
tokyo,2010,25215393,2,15.992122851445025
tokyo,2011,26382945,1,16.717905080153717
tokyo,2011,22321046,3,16.717905080153717
tokyo,2011,25961476,2,16.717905080153717
tokyo,2012,25743217,1,18.806870803890465
tokyo,2012,24281716,3,18.806870803890465
tokyo,2012,25210353,2,18.806870803890465
tokyo,2013,24557293,1,21.204205484864055
tokyo,2013,22202396,3,21.204205484864055
tokyo,2013,24659461,2,21.204205484864055
tokyo,2014,24726045,1,23.18838906066056
tokyo,2014,23068148,3,23.18838906066056
tokyo,2014,24365659,2,23.18838906066056
tokyo,2015,24308550,1,23.029814500630785
tokyo,2015,21771552,3,23.029814500630785
tokyo,2015,23607213,2,23.029814500630785
chubu,2004,9419592,5,15.84461974118975
chubu,2004,9848321,6,15.84461974118975
chubu,2004,10172417,4,15.84461974118975
chubu,2005,9534765,5,15.401779983530789
chubu,2005,9907890,6,15.401779983530789
chubu,2005,10532915,4,15.401779983530789
chubu,2006,9974359,5,15.304068366294748
chubu,2006,10207894,6,15.304068366294748
chubu,2006,10930434,4,15.304068366294748
chubu,2007,10315969,5,15.437746784345858
chubu,2007,10638981,6,15.437746784345858
chubu,2007,10905824,4,15.437746784345858
chubu,2008,10505025,5,16.60761835661665
chubu,2008,10490167,6,16.60761835661665
chubu,2008,10648944,4,16.60761835661665
chubu,2009,9219214,5,16.256771189642258
chubu,2009,9263337,6,16.256771189642258
chubu,2009,9563398,4,16.256771189642258
chubu,2010,9792171,5,16.04121174369893
chubu,2010,9871309,6,16.04121174369893
chubu,2010,10626825,4,16.04121174369893
chubu,2011,9356884,5,16.537731521204492
chubu,2011,9626432,6,16.537731521204492
chubu,2011,10387371,4,16.537731521204492
chubu,2012,9662393,5,17.936939425564994
chubu,2012,9753830,6,17.936939425564994
chubu,2012,10654457,4,17.936939425564994
chubu,2013,9764760,5,18.97937083652167
chubu,2013,9754020,6,18.97937083652167
chubu,2013,9743507,4,18.97937083652167
chubu,2014,9578043,5,20.824946052699115
chubu,2014,9627687,6,20.824946052699115
chubu,2014,9952095,4,20.824946052699115
chubu,2015,9464395,5,19.130627559781185
chubu,2015,9439108,6,19.130627559781185
chubu,2015,10087437,4,19.130627559781185
chugoku,2004,4415153,6,15.500098586597137
chugoku,2004,4666888,4,15.500098586597137
chugoku,2004,4355042,5,15.500098586597137
chugoku,2005,4391407,6,15.08935089943724
chugoku,2005,4900736,4,15.08935089943724
chugoku,2005,4389179,5,15.08935089943724
chugoku,2006,4623372,6,15.382713457887553
chugoku,2006,5040854,4,15.382713457887553
chugoku,2006,4684444,5,15.382713457887553
chugoku,2007,4747908,6,15.092564601284137
chugoku,2007,5072742,4,15.092564601284137
chugoku,2007,4691732,5,15.092564601284137
chugoku,2008,4905173,6,16.28972010000598
chugoku,2008,5031975,4,16.28972010000598
chugoku,2008,4813581,5,16.28972010000598
chugoku,2009,4209513,6,15.791944790548497
chugoku,2009,4480966,4,15.791944790548497
chugoku,2009,4201253,5,15.791944790548497
chugoku,2010,4674672,6,15.678927163031512
chugoku,2010,5106211,4,15.678927163031512
chugoku,2010,4715956,5,15.678927163031512
chugoku,2011,4599533,6,16.508584306400166
chugoku,2011,5139772,4,16.508584306400166
chugoku,2011,4607061,5,16.508584306400166
chugoku,2012,4484090,6,17.459807447431473
chugoku,2012,4926329,4,17.459807447431473
chugoku,2012,4469564,5,17.459807447431473
chugoku,2013,4518184,6,17.975517808368362
chugoku,2013,4600410,4,17.975517808368362
chugoku,2013,4471003,5,17.975517808368362
chugoku,2014,4436313,6,18.383976380513484
chugoku,2014,4675421,4,18.383976380513484
chugoku,2014,4502427,5,18.383976380513484
chugoku,2015,4288348,6,17.343687479206327
chugoku,2015,4667115,4,17.343687479206327
chugoku,2015,4316055,5,17.343687479206327
hokkaido,2004,2216097,6,16.729834383883738
hokkaido,2004,2362252,5,16.729834383883738
hokkaido,2004,2579366,4,16.729834383883738
hokkaido,2005,2258319,6,16.444519283839746
hokkaido,2005,2425588,5,16.444519283839746
hokkaido,2005,2673384,4,16.444519283839746
hokkaido,2006,2291498,6,16.61776095964359
hokkaido,2006,2499483,5,16.61776095964359
hokkaido,2006,2715074,4,16.61776095964359
hokkaido,2007,2373763,6,16.372655079839056
hokkaido,2007,2577588,5,16.372655079839056
hokkaido,2007,2701695,4,16.372655079839056
hokkaido,2008,2371799,6,17.371640720805154
hokkaido,2008,2555897,5,17.371640720805154
hokkaido,2008,2644697,4,17.371640720805154
hokkaido,2009,2201531,6,16.46879874789338
hokkaido,2009,2496339,5,16.46879874789338
hokkaido,2009,2642374,4,16.46879874789338
hokkaido,2010,2268798,6,16.70307067791353
hokkaido,2010,2646582,5,16.70307067791353
hokkaido,2010,2779860,4,16.70307067791353
hokkaido,2011,2276517,6,17.620338813993815
hokkaido,2011,2507133,5,17.620338813993815
hokkaido,2011,2702670,4,17.620338813993815
hokkaido,2012,2206286,6,18.25626678527412
hokkaido,2012,2560220,5,18.25626678527412
hokkaido,2012,2765635,4,18.25626678527412
hokkaido,2013,2168911,6,18.769512401067935
hokkaido,2013,2565887,5,18.769512401067935
hokkaido,2013,2694753,4,18.769512401067935
hokkaido,2014,2104255,6,20.64148213646899
hokkaido,2014,2395204,5,20.64148213646899
hokkaido,2014,2688376,4,20.64148213646899
hokkaido,2015,1988302,6,22.817461075614805
hokkaido,2015,2278446,5,22.817461075614805
hokkaido,2015,2498661,4,22.817461075614805
hokuriku,2004,2024971,5,15.023859345954184
hokuriku,2004,2076623,6,15.023859345954184
hokuriku,2004,2051309,4,15.023859345954184
hokuriku,2005,2096976,5,14.491939513654366
hokuriku,2005,2150552,6,14.491939513654366
hokuriku,2005,2149301,4,14.491939513654366
hokuriku,2006,2200577,5,14.47632080677344
hokuriku,2006,2153046,6,14.47632080677344
hokuriku,2006,2261359,4,14.47632080677344
hokuriku,2007,2236424,5,14.348979279240146
hokuriku,2007,2239529,6,14.348979279240146
hokuriku,2007,2295311,4,14.348979279240146
hokuriku,2008,2259634,5,15.019343546811063
hokuriku,2008,2232069,6,15.019343546811063
hokuriku,2008,2344414,4,15.019343546811063
hokuriku,2009,2019139,5,14.90404057461779
hokuriku,2009,2060103,6,14.90404057461779
hokuriku,2009,2095040,4,14.90404057461779
hokuriku,2010,2198318,5,14.615176667667074
hokuriku,2010,2232949,6,14.615176667667074
hokuriku,2010,2358424,4,14.615176667667074
hokuriku,2011,2195881,5,15.216454139071027
hokuriku,2011,2229958,6,15.216454139071027
hokuriku,2011,2380496,4,15.216454139071027
hokuriku,2012,2105094,5,15.805312866841524
hokuriku,2012,2092958,6,15.805312866841524
hokuriku,2012,2311347,4,15.805312866841524
hokuriku,2013,2152733,5,16.113476447806395
hokuriku,2013,2118971,6,16.113476447806395
hokuriku,2013,2202948,4,16.113476447806395
hokuriku,2014,2088427,5,16.47149681782514
hokuriku,2014,2116326,6,16.47149681782514
hokuriku,2014,2205739,4,16.47149681782514
hokuriku,2015,2076597,5,16.205375511388873
hokuriku,2015,2106509,6,16.205375511388873
hokuriku,2015,2254888,4,16.205375511388873
kansai,2004,11144852,6,16.385991619761967
kansai,2004,11386411,4,16.385991619761967
kansai,2004,10826777,5,16.385991619761967
kansai,2005,11019550,6,15.650183040761672
kansai,2005,11794876,4,15.650183040761672
kansai,2005,10764171,5,15.650183040761672
kansai,2006,11288597,6,15.500860359020557
kansai,2006,12087629,4,15.500860359020557
kansai,2006,11085945,5,15.500860359020557
kansai,2007,11175469,6,15.548430171059495
kansai,2007,11870871,4,15.548430171059495
kansai,2007,11392230,5,15.548430171059495
kansai,2008,11360771,6,16.331559200069815
kansai,2008,11494328,4,16.331559200069815
kansai,2008,11589061,5,16.331559200069815
kansai,2009,10557487,6,15.74928416116634
kansai,2009,11132203,4,15.74928416116634
kansai,2009,10739984,5,15.74928416116634
kansai,2010,11141125,6,15.830407930446723
kansai,2010,12149266,4,15.830407930446723
kansai,2010,11381261,5,15.830407930446723
kansai,2011,11015648,6,16.15494575380203
kansai,2011,12313311,4,16.15494575380203
kansai,2011,11230984,5,16.15494575380203
kansai,2012,10541629,6,16.72714421471857
kansai,2012,11812949,4,16.72714421471857
kansai,2012,10977504,5,16.72714421471857
kansai,2013,10520679,6,19.96153110854734
kansai,2013,10887543,4,19.96153110854734
kansai,2013,11024142,5,19.96153110854734
kansai,2014,10236365,6,20.88394257490736
kansai,2014,10825701,4,20.88394257490736
kansai,2014,10518035,5,20.88394257490736
kansai,2015,9770998,6,20.06336744374582
kansai,2015,10770007,4,20.06336744374582
kansai,2015,10119013,5,20.06336744374582
kyushu,2004,6005626,5,16.507755880393717
kyushu,2004,6161164,6,16.507755880393717
kyushu,2004,6180208,4,16.507755880393717
kyushu,2005,6053752,5,15.512765681473198
kyushu,2005,6267232,6,15.512765681473198
kyushu,2005,6515674,4,15.512765681473198
kyushu,2006,6367486,5,15.259773023182548
kyushu,2006,6362785,6,15.259773023182548
kyushu,2006,6771851,4,15.259773023182548
kyushu,2007,6561500,5,15.170430696581835
kyushu,2007,6647579,6,15.170430696581835
kyushu,2007,6776336,4,15.170430696581835
kyushu,2008,6575597,5,15.711001085094708
kyushu,2008,6710763,6,15.711001085094708
kyushu,2008,6786822,4,15.711001085094708
kyushu,2009,6201100,5,15.417818566835551
kyushu,2009,6237812,6,15.417818566835551
kyushu,2009,6572685,4,15.417818566835551
kyushu,2010,6574572,5,15.246988174384771
kyushu,2010,6414700,6,15.246988174384771
kyushu,2010,6992445,4,15.246988174384771
kyushu,2011,6544452,5,15.708544443738912
kyushu,2011,6509076,6,15.708544443738912
kyushu,2011,7019921,4,15.708544443738912
kyushu,2012,6457919,5,16.4656457817339
kyushu,2012,6433431,6,16.4656457817339
kyushu,2012,6789788,4,16.4656457817339
kyushu,2013,6329293,5,18.254087438163573
kyushu,2013,6461241,6,18.254087438163573
kyushu,2013,6451489,4,18.254087438163573
kyushu,2014,6214166,5,19.156709664670828
kyushu,2014,6266227,6,19.156709664670828
kyushu,2014,6536317,4,19.156709664670828
kyushu,2015,6173547,5,18.28273440602043
kyushu,2015,6117718,6,18.28273440602043
kyushu,2015,6510902,4,18.28273440602043
okinawa,2004,625731,6,18.676981130048024
okinawa,2004,548362,5,18.676981130048024
okinawa,2004,511057,4,18.676981130048024
okinawa,2005,590823,6,18.83770857483252
okinawa,2005,543938,5,18.83770857483252
okinawa,2005,515867,4,18.83770857483252
okinawa,2006,621306,6,19.655006200187156
okinawa,2006,531401,5,19.655006200187156
okinawa,2006,530254,4,19.655006200187156
okinawa,2007,613359,6,19.389380683383852
okinawa,2007,531189,5,19.389380683383852
okinawa,2007,536466,4,19.389380683383852
okinawa,2008,626966,6,21.004434250167385
okinawa,2008,544189,5,21.004434250167385
okinawa,2008,510765,4,21.004434250167385
okinawa,2009,593308,6,19.9976753348757
okinawa,2009,541576,5,19.9976753348757
okinawa,2009,526099,4,19.9976753348757
okinawa,2010,603147,6,19.94621500052303
okinawa,2010,558630,5,19.94621500052303
okinawa,2010,551356,4,19.94621500052303
okinawa,2011,617351,6,21.143937969405023
okinawa,2011,549737,5,21.143937969405023
okinawa,2011,535172,4,21.143937969405023
okinawa,2012,625951,6,21.928781221933637
okinawa,2012,556706,5,21.928781221933637
okinawa,2012,539242,4,21.928781221933637
okinawa,2013,658502,6,22.18720682302772
okinawa,2013,544758,5,22.18720682302772
okinawa,2013,535622,4,22.18720682302772
okinawa,2014,625821,6,22.525578111742725
okinawa,2014,553173,5,22.525578111742725
okinawa,2014,527476,4,22.525578111742725
okinawa,2015,658852,6,21.216548087611137
okinawa,2015,571999,5,21.216548087611137
okinawa,2015,540775,4,21.216548087611137
shikoku,2004,2070398,5,16.437108780813766
shikoku,2004,2096996,4,16.437108780813766
shikoku,2004,2123036,6,16.437108780813766
shikoku,2005,2092150,5,15.997648136624898
shikoku,2005,2192940,4,15.997648136624898
shikoku,2005,2184726,6,15.997648136624898
shikoku,2006,2182805,5,16.108555212175435
shikoku,2006,2229571,4,16.108555212175435
shikoku,2006,2190572,6,16.108555212175435
shikoku,2007,2211362,5,15.94664705259726
shikoku,2007,2204062,4,15.94664705259726
shikoku,2007,2242997,6,15.94664705259726
shikoku,2008,2273378,5,16.45697125395766
shikoku,2008,2282045,4,16.45697125395766
shikoku,2008,2234923,6,16.45697125395766
shikoku,2009,2098890,5,16.087358974383637
shikoku,2009,2156782,4,16.087358974383637
shikoku,2009,2097265,6,16.087358974383637
shikoku,2010,2209655,5,15.991678439314844
shikoku,2010,2352932,4,15.991678439314844
shikoku,2010,2174854,6,15.991678439314844
shikoku,2011,2199679,5,16.55087849045497
shikoku,2011,2347984,4,16.55087849045497
shikoku,2011,2174481,6,16.55087849045497
shikoku,2012,2127202,5,17.05846135504544
shikoku,2012,2236511,4,17.05846135504544
shikoku,2012,2101111,6,17.05846135504544
shikoku,2013,2108730,5,18.51181308090445
shikoku,2013,2110416,4,18.51181308090445
shikoku,2013,2106428,6,18.51181308090445
shikoku,2014,2032568,5,19.726621085281263
shikoku,2014,2060144,4,19.726621085281263
shikoku,2014,2009272,6,19.726621085281263
shikoku,2015,2022451,5,19.12715230656903
shikoku,2015,2062434,4,19.12715230656903
shikoku,2015,1997408,6,19.12715230656903
tohoku,2004,5863592,6,16.315720046512048
tohoku,2004,6396842,4,16.315720046512048
tohoku,2004,5909368,5,16.315720046512048
tohoku,2005,6037741,6,15.913601303504562
tohoku,2005,6523966,4,15.913601303504562
tohoku,2005,6055469,5,15.913601303504562
tohoku,2006,6142197,6,16.28311165462124
tohoku,2006,6742350,4,16.28311165462124
tohoku,2006,6350170,5,16.28311165462124
tohoku,2007,6387352,6,16.049503318601104
tohoku,2007,6774996,4,16.049503318601104
tohoku,2007,6640142,5,16.049503318601104
tohoku,2008,6455190,6,17.101905292676854
tohoku,2008,6761150,4,17.101905292676854
tohoku,2008,6660094,5,17.101905292676854
tohoku,2009,5971706,6,16.405559721638657
tohoku,2009,6521988,4,16.405559721638657
tohoku,2009,6021607,5,16.405559721638657
tohoku,2010,6345915,6,16.401328855864662
tohoku,2010,6987071,4,16.401328855864662
tohoku,2010,6517913,5,16.401328855864662
tohoku,2011,5519705,6,17.409405936227728
tohoku,2011,5568529,4,17.409405936227728
tohoku,2011,5544206,5,17.409405936227728
tohoku,2012,5805323,6,18.0758071899842
tohoku,2012,6496959,4,18.0758071899842
tohoku,2012,5954029,5,18.0758071899842
tohoku,2013,5755087,6,19.144399205520333
tohoku,2013,6248294,4,19.144399205520333
tohoku,2013,6172286,5,19.144399205520333
tohoku,2014,5745533,6,21.776227655066823
tohoku,2014,6326549,4,21.776227655066823
tohoku,2014,5954036,5,21.776227655066823
tohoku,2015,5566235,6,20.591909804972136
tohoku,2015,6315288,4,20.591909804972136
tohoku,2015,5734875,5,20.591909804972136
tokyo,2004,22963111,4,16.334408905053497
tokyo,2004,22218044,6,16.334408905053497
tokyo,2004,21292646,5,16.334408905053497
tokyo,2005,23295805,4,15.79695048464684
tokyo,2005,21693959,6,15.79695048464684
tokyo,2005,21166054,5,15.79695048464684
tokyo,2006,23139602,4,16.08354761873739
tokyo,2006,22105014,6,16.08354761873739
tokyo,2006,22163436,5,16.08354761873739
tokyo,2007,23105366,4,16.225152965921033
tokyo,2007,22914275,6,16.225152965921033
tokyo,2007,22869564,5,16.225152965921033
tokyo,2008,23540356,4,17.669281052863727
tokyo,2008,22487441,6,17.669281052863727
tokyo,2008,22848737,5,17.669281052863727
tokyo,2009,22697396,4,15.47726704266006
tokyo,2009,21169534,6,15.47726704266006
tokyo,2009,20999588,5,15.47726704266006
tokyo,2010,24300628,4,16.478073842534894
tokyo,2010,21872690,6,16.478073842534894
tokyo,2010,22271753,5,16.478073842534894
tokyo,2011,20956972,4,17.447099666245176
tokyo,2011,19606036,6,17.447099666245176
tokyo,2011,19629459,5,17.447099666245176
tokyo,2012,21783450,4,20.004980447445423
tokyo,2012,19998126,6,20.004980447445423
tokyo,2012,20627425,5,20.004980447445423
tokyo,2013,20658235,4,22.483412501566686
tokyo,2013,19804357,6,22.483412501566686
tokyo,2013,19951084,5,22.483412501566686
tokyo,2014,20669239,4,23.443194424800993
tokyo,2014,19636531,6,23.443194424800993
tokyo,2014,19444091,5,23.443194424800993
tokyo,2015,20842573,4,21.121873369420168
tokyo,2015,19079888,6,21.121873369420168
tokyo,2015,18694989,5,21.121873369420168
chubu,2004,11735011,8,15.84461974118975
chubu,2004,11535148,9,15.84461974118975
chubu,2004,11406984,7,15.84461974118975
chubu,2005,11574483,8,15.401779983530789
chubu,2005,12037616,9,15.401779983530789
chubu,2005,11144944,7,15.401779983530789
chubu,2006,11793814,8,15.19879346940484
chubu,2006,12247654,9,15.19879346940484
chubu,2006,11316188,7,15.19879346940484
chubu,2007,12142804,8,15.524791702124366
chubu,2007,12864728,9,15.524791702124366
chubu,2007,11280730,7,15.524791702124366
chubu,2008,12781636,8,17.586328396886593
chubu,2008,11828665,9,17.586328396886593
chubu,2008,11624154,7,17.586328396886593
chubu,2009,11049196,8,15.52338798770809
chubu,2009,10695751,9,15.52338798770809
chubu,2009,10371087,7,15.52338798770809
chubu,2010,12104342,8,16.13981000935431
chubu,2010,12420161,9,16.13981000935431
chubu,2010,11275971,7,16.13981000935431
chubu,2011,11180218,8,17.271332832934295
chubu,2011,11541120,9,17.271332832934295
chubu,2011,11100834,7,17.271332832934295
chubu,2012,11400790,8,18.11090169716051
chubu,2012,11471779,9,18.11090169716051
chubu,2012,10403120,7,18.11090169716051
chubu,2013,11623317,8,18.90841667511757
chubu,2013,11329398,9,18.90841667511757
chubu,2013,10575742,7,18.90841667511757
chubu,2014,11135706,8,20.395668507133863
chubu,2014,10489454,9,20.395668507133863
chubu,2014,10442247,7,20.395668507133863
chubu,2015,11400424,8,18.162608769152698
chubu,2015,10429489,9,18.162608769152698
chubu,2015,10187228,7,18.162608769152698
chugoku,2004,5211998,9,15.274157555936794
chugoku,2004,5033947,7,15.274157555936794
chugoku,2004,5592922,8,15.274157555936794
chugoku,2005,5406038,9,15.133386068898057
chugoku,2005,4993063,7,15.133386068898057
chugoku,2005,5389716,8,15.133386068898057
chugoku,2006,5641080,9,14.83398351636903
chugoku,2006,5057722,7,14.83398351636903
chugoku,2006,5584281,8,14.83398351636903
chugoku,2007,5941725,9,15.059670986493847
chugoku,2007,5069265,7,15.059670986493847
chugoku,2007,5654236,8,15.059670986493847
chugoku,2008,5544403,9,16.101198677791945
chugoku,2008,5270538,7,16.101198677791945
chugoku,2008,6127646,8,16.101198677791945
chugoku,2009,5015638,9,15.100752104836472
chugoku,2009,4786620,7,15.100752104836472
chugoku,2009,5232559,8,15.100752104836472
chugoku,2010,5821563,9,15.292641600013775
chugoku,2010,5135673,7,15.292641600013775
chugoku,2010,5695434,8,15.292641600013775
chugoku,2011,5268574,9,16.490309434149864
chugoku,2011,5072712,7,16.490309434149864
chugoku,2011,5283797,8,16.490309434149864
chugoku,2012,5242117,9,16.838980178388507
chugoku,2012,4748526,7,16.838980178388507
chugoku,2012,5334211,8,16.838980178388507
chugoku,2013,5088250,9,17.544597640069117
chugoku,2013,4819177,7,17.544597640069117
chugoku,2013,5518888,8,17.544597640069117
chugoku,2014,4782067,9,17.80038969914053
chugoku,2014,4657921,7,17.80038969914053
chugoku,2014,5135096,8,17.80038969914053
chugoku,2015,4650266,9,16.787316306572894
chugoku,2015,4653703,7,16.787316306572894
chugoku,2015,5228696,8,16.787316306572894
hokkaido,2004,2477105,9,16.729834383883738
hokkaido,2004,2473356,8,16.729834383883738
hokkaido,2004,2301276,7,16.729834383883738
hokkaido,2005,2554762,9,16.444519283839746
hokkaido,2005,2455904,8,16.444519283839746
hokkaido,2005,2319839,7,16.444519283839746
hokkaido,2006,2627320,9,16.5950550313228
hokkaido,2006,2526702,8,16.5950550313228
hokkaido,2006,2344762,7,16.5950550313228
hokkaido,2007,2664005,9,16.747465397652295
hokkaido,2007,2540401,8,16.747465397652295
hokkaido,2007,2420747,7,16.747465397652295
hokkaido,2008,2581173,9,17.425294781926205
hokkaido,2008,2615873,8,17.425294781926205
hokkaido,2008,2429925,7,17.425294781926205
hokkaido,2009,2477193,9,16.654399101636777
hokkaido,2009,2485623,8,16.654399101636777
hokkaido,2009,2343910,7,16.654399101636777
hokkaido,2010,2627055,9,16.77379979338008
hokkaido,2010,2582477,8,16.77379979338008
hokkaido,2010,2450796,7,16.77379979338008
hokkaido,2011,2550245,9,17.612229434693287
hokkaido,2011,2465617,8,17.612229434693287
hokkaido,2011,2363054,7,17.612229434693287
hokkaido,2012,2449062,9,17.496805950939944
hokkaido,2012,2352020,8,17.496805950939944
hokkaido,2012,2267614,7,17.496805950939944
hokkaido,2013,2391753,9,19.486073587336712
hokkaido,2013,2393349,8,19.486073587336712
hokkaido,2013,2208207,7,19.486073587336712
hokkaido,2014,2277325,9,21.402476092415437
hokkaido,2014,2371251,8,21.402476092415437
hokkaido,2014,2177678,7,21.402476092415437
hokkaido,2015,2180173,9,22.960471497330698
hokkaido,2015,2270842,8,22.960471497330698
hokkaido,2015,2091606,7,22.960471497330698
hokuriku,2004,2492855,8,14.813320063300452
hokuriku,2004,2279108,9,14.813320063300452
hokuriku,2004,2334267,7,14.813320063300452
hokuriku,2005,2485244,8,14.223559300282
hokuriku,2005,2379577,9,14.223559300282
hokuriku,2005,2291571,7,14.223559300282
hokuriku,2006,2597499,8,14.080544836162488
hokuriku,2006,2383206,9,14.080544836162488
hokuriku,2006,2320874,7,14.080544836162488
hokuriku,2007,2576643,8,14.178335951880133
hokuriku,2007,2511855,9,14.178335951880133
hokuriku,2007,2347571,7,14.178335951880133
hokuriku,2008,2574046,8,15.72184178332801
hokuriku,2008,2409050,9,15.72184178332801
hokuriku,2008,2544996,7,15.72184178332801
hokuriku,2009,2266026,8,14.36177162367108
hokuriku,2009,2179980,9,14.36177162367108
hokuriku,2009,2245468,7,14.36177162367108
hokuriku,2010,2650553,8,14.263903206803874
hokuriku,2010,2533601,9,14.263903206803874
hokuriku,2010,2469397,7,14.263903206803874
hokuriku,2011,2470798,8,15.018035963413077
hokuriku,2011,2362043,9,15.018035963413077
hokuriku,2011,2450919,7,15.018035963413077
hokuriku,2012,2474080,8,15.105912939811969
hokuriku,2012,2352075,9,15.105912939811969
hokuriku,2012,2287782,7,15.105912939811969
hokuriku,2013,2398315,8,15.545183402478266
hokuriku,2013,2217102,9,15.545183402478266
hokuriku,2013,2351174,7,15.545183402478266
hokuriku,2014,2327685,8,15.81165217142052
hokuriku,2014,2159750,9,15.81165217142052
hokuriku,2014,2287177,7,15.81165217142052
hokuriku,2015,2376052,8,15.82981770909834
hokuriku,2015,2111531,9,15.82981770909834
hokuriku,2015,2295660,7,15.82981770909834
kansai,2004,13309066,9,16.17301914419778
kansai,2004,13453590,7,16.17301914419778
kansai,2004,14486053,8,16.17301914419778
kansai,2005,13729627,9,15.5705469881664
kansai,2005,12971495,7,15.5705469881664
kansai,2005,13972332,8,15.5705469881664
kansai,2006,13725316,9,15.238007561928908
kansai,2006,12940847,7,15.238007561928908
kansai,2006,14381236,8,15.238007561928908
kansai,2007,14342408,9,14.81108032640128
kansai,2007,12438488,7,14.81108032640128
kansai,2007,14134166,8,14.81108032640128
kansai,2008,13206686,9,16.168683411481286
kansai,2008,12841851,7,16.168683411481286
kansai,2008,14952142,8,16.168683411481286
kansai,2009,12344920,9,15.228513219596952
kansai,2009,12172062,7,15.228513219596952
kansai,2009,13443029,8,15.228513219596952
kansai,2010,14536201,9,15.448075320870611
kansai,2010,12930617,7,15.448075320870611
kansai,2010,14690907,8,15.448075320870611
kansai,2011,13195344,9,16.10266380348869
kansai,2011,12855953,7,16.10266380348869
kansai,2011,13292382,8,16.10266380348869
kansai,2012,12860755,9,16.647224380942514
kansai,2012,11494639,7,16.647224380942514
kansai,2012,13515686,8,16.647224380942514
kansai,2013,12371084,9,19.797609261570823
kansai,2013,11729778,7,19.797609261570823
kansai,2013,13612728,8,19.797609261570823
kansai,2014,11380739,9,20.410195645855097
kansai,2014,11211582,7,20.410195645855097
kansai,2014,12628520,8,20.410195645855097
kansai,2015,10857819,9,20.194504810714815
kansai,2015,10725667,7,20.194504810714815
kansai,2015,12421674,8,20.194504810714815
kyushu,2004,8117180,8,16.42564633748309
kyushu,2004,7516151,9,16.42564633748309
kyushu,2004,7112765,7,16.42564633748309
kyushu,2005,8004570,8,15.46575247233181
kyushu,2005,7736968,9,15.46575247233181
kyushu,2005,7079022,7,15.46575247233181
kyushu,2006,8429330,8,15.092293133046736
kyushu,2006,7933100,9,15.092293133046736
kyushu,2006,7202796,7,15.092293133046736
kyushu,2007,8337103,8,15.132715467446804
kyushu,2007,8327689,9,15.132715467446804
kyushu,2007,7421538,7,15.132715467446804
kyushu,2008,8799787,8,15.696070195235892
kyushu,2008,7856368,9,15.696070195235892
kyushu,2008,7543576,7,15.696070195235892
kyushu,2009,7924095,8,15.087933685256615
kyushu,2009,7636653,9,15.087933685256615
kyushu,2009,7166916,7,15.087933685256615
kyushu,2010,8448386,8,15.21623035685077
kyushu,2010,8452231,9,15.21623035685077
kyushu,2010,7052048,7,15.21623035685077
kyushu,2011,8018837,8,15.948946305434209
kyushu,2011,7688088,9,15.948946305434209
kyushu,2011,7191441,7,15.948946305434209
kyushu,2012,7976318,8,16.341799845675954
kyushu,2012,7531917,9,16.341799845675954
kyushu,2012,6871695,7,16.341799845675954
kyushu,2013,8275147,8,18.41620256498059
kyushu,2013,7627440,9,18.41620256498059
kyushu,2013,7144306,7,18.41620256498059
kyushu,2014,7472063,8,18.85122647682258
kyushu,2014,7034069,9,18.85122647682258
kyushu,2014,6703147,7,18.85122647682258
kyushu,2015,7386529,8,17.79649015551921
kyushu,2015,6746752,9,17.79649015551921
kyushu,2015,6531024,7,17.79649015551921
okinawa,2004,744085,9,18.99921036603134
okinawa,2004,787769,8,18.99921036603134
okinawa,2004,701644,7,18.99921036603134
okinawa,2005,768152,9,19.051498573740272
okinawa,2005,791713,8,19.051498573740272
okinawa,2005,708086,7,19.051498573740272
okinawa,2006,778869,9,19.16820721492972
okinawa,2006,779958,8,19.16820721492972
okinawa,2006,741910,7,19.16820721492972
okinawa,2007,780940,9,19.68232463841324
okinawa,2007,808445,8,19.68232463841324
okinawa,2007,733175,7,19.68232463841324
okinawa,2008,756661,9,20.772881214199103
okinawa,2008,812174,8,20.772881214199103
okinawa,2008,735726,7,20.772881214199103
okinawa,2009,789551,9,19.72211238368815
okinawa,2009,835312,8,19.72211238368815
okinawa,2009,715259,7,19.72211238368815
okinawa,2010,769899,9,19.83189976953054
okinawa,2010,799010,8,19.83189976953054
okinawa,2010,725411,7,19.83189976953054
okinawa,2011,735529,9,21.114269538535652
okinawa,2011,782524,8,21.114269538535652
okinawa,2011,742122,7,21.114269538535652
okinawa,2012,764325,9,20.987467312966388
okinawa,2012,782099,8,20.987467312966388
okinawa,2012,719411,7,20.987467312966388
okinawa,2013,797167,9,21.873356901565053
okinawa,2013,818186,8,21.873356901565053
okinawa,2013,729647,7,21.873356901565053
okinawa,2014,776620,9,22.121758404059143
okinawa,2014,810879,8,22.121758404059143
okinawa,2014,728446,7,22.121758404059143
okinawa,2015,744216,9,21.175615394530812
okinawa,2015,811732,8,21.175615394530812
okinawa,2015,785809,7,21.175615394530812
shikoku,2004,2592054,8,16.437108780813766
shikoku,2004,2500349,7,16.437108780813766
shikoku,2004,2433635,9,16.437108780813766
shikoku,2005,2646287,8,15.997648136624898
shikoku,2005,2424603,7,15.997648136624898
shikoku,2005,2420140,9,15.997648136624898
shikoku,2006,2741865,8,16.108555212175435
shikoku,2006,2436386,7,16.108555212175435
shikoku,2006,2492703,9,16.108555212175435
shikoku,2007,2729068,8,15.94664705259726
shikoku,2007,2433400,7,15.94664705259726
shikoku,2007,2707557,9,15.94664705259726
shikoku,2008,2851314,8,16.43270115064814
shikoku,2008,2598609,7,16.43270115064814
shikoku,2008,2521957,9,16.43270115064814
shikoku,2009,2527662,8,15.947165562948268
shikoku,2009,2395553,7,15.947165562948268
shikoku,2009,2354984,9,15.947165562948268
shikoku,2010,2769121,8,15.918591960795238
shikoku,2010,2518617,7,15.918591960795238
shikoku,2010,2660771,9,15.918591960795238
shikoku,2011,2560417,8,16.42295196200134
shikoku,2011,2480490,7,16.42295196200134
shikoku,2011,2447336,9,16.42295196200134
shikoku,2012,2546357,8,16.62739654301144
shikoku,2012,2315975,7,16.62739654301144
shikoku,2012,2384746,9,16.62739654301144
shikoku,2013,2599978,8,19.00265700589474
shikoku,2013,2359966,7,19.00265700589474
shikoku,2013,2300609,9,19.00265700589474
shikoku,2014,2376591,8,19.22366518462164
shikoku,2014,2221835,7,19.22366518462164
shikoku,2014,2165885,9,19.22366518462164
shikoku,2015,2410288,8,18.857901726427624
shikoku,2015,2174913,7,18.857901726427624
shikoku,2015,2088976,9,18.857901726427624
tohoku,2004,6350026,9,16.311776826591192
tohoku,2004,6424571,7,16.311776826591192
tohoku,2004,6730886,8,16.311776826591192
tohoku,2005,6631038,9,15.839883982565
tohoku,2005,6255267,7,15.839883982565
tohoku,2005,6863530,8,15.839883982565
tohoku,2006,6751697,9,15.825782916969178
tohoku,2006,6385309,7,15.825782916969178
tohoku,2006,6975059,8,15.825782916969178
tohoku,2007,6974671,9,15.980470526963602
tohoku,2007,6450175,7,15.980470526963602
tohoku,2007,7161087,8,15.980470526963602
tohoku,2008,6769348,9,17.03442346307306
tohoku,2008,6703595,7,17.03442346307306
tohoku,2008,7262349,8,17.03442346307306
tohoku,2009,6238003,9,15.875369334838938
tohoku,2009,6166266,7,15.875369334838938
tohoku,2009,6569055,8,15.875369334838938
tohoku,2010,7216667,9,16.145023626556963
tohoku,2010,6611020,7,16.145023626556963
tohoku,2010,7417055,8,16.145023626556963
tohoku,2011,6169267,9,17.350621384309836
tohoku,2011,5919768,7,17.350621384309836
tohoku,2011,6164948,8,17.350621384309836
tohoku,2012,6558790,9,17.54692532679864
tohoku,2012,5927703,7,17.54692532679864
tohoku,2012,6482895,8,17.54692532679864
tohoku,2013,6145467,9,20.4104961792754
tohoku,2013,6075726,7,20.4104961792754
tohoku,2013,6304643,8,20.4104961792754
tohoku,2014,5910021,9,21.095754779207997
tohoku,2014,5949059,7,21.095754779207997
tohoku,2014,6421910,8,21.095754779207997
tohoku,2015,5806834,9,19.787595222704837
tohoku,2015,6017704,7,19.787595222704837
tohoku,2015,6413984,8,19.787595222704837
tokyo,2004,26273111,7,15.881146988308815
tokyo,2004,26068761,9,15.881146988308815
tokyo,2004,27147018,8,15.881146988308815
tokyo,2005,24578812,7,16.19559084623048
tokyo,2005,26623728,9,16.19559084623048
tokyo,2005,26462260,8,16.19559084623048
tokyo,2006,24483652,7,16.292149527517527
tokyo,2006,26459522,9,16.292149527517527
tokyo,2006,26266162,8,16.292149527517527
tokyo,2007,23913748,7,16.5242765042304
tokyo,2007,27330866,9,16.5242765042304
tokyo,2007,27823979,8,16.5242765042304
tokyo,2008,24911299,7,17.8724837762858
tokyo,2008,25710757,9,17.8724837762858
tokyo,2008,28411156,8,17.8724837762858
tokyo,2009,23931857,7,15.52173737285976
tokyo,2009,24034469,9,15.52173737285976
tokyo,2009,25461558,8,15.52173737285976
tokyo,2010,25759103,7,16.400805060413326
tokyo,2010,28684798,9,16.400805060413326
tokyo,2010,27770747,8,16.400805060413326
tokyo,2011,22926372,7,18.216678830371432
tokyo,2011,23968261,9,18.216678830371432
tokyo,2011,23092073,8,18.216678830371432
tokyo,2012,21451697,7,20.43417085602338
tokyo,2012,24777429,9,20.43417085602338
tokyo,2012,24728354,8,20.43417085602338
tokyo,2013,22211398,7,22.39734213433664
tokyo,2013,24065669,9,22.39734213433664
tokyo,2013,24988048,8,22.39734213433664
tokyo,2014,21632689,7,23.130005923029405
tokyo,2014,21305217,9,23.130005923029405
tokyo,2014,24090374,8,23.130005923029405
tokyo,2015,20463001,7,20.406584752650648
tokyo,2015,20654314,9,20.406584752650648
tokyo,2015,23913231,8,20.406584752650648
chubu,2004,9649883,11,15.84461974118975
chubu,2004,9822497,12,15.84461974118975
chubu,2004,10370984,10,15.84461974118975
chubu,2005,9969423,11,15.401779983530789
chubu,2005,10792262,12,15.401779983530789
chubu,2005,10656075,10,15.401779983530789
chubu,2006,10498045,11,15.67379237766546
chubu,2006,10850079,12,15.67379237766546
chubu,2006,10667642,10,15.67379237766546
chubu,2007,10666350,11,15.932226351228776
chubu,2007,11286404,12,15.932226351228776
chubu,2007,11138317,10,15.932226351228776
chubu,2008,10210155,11,19.40973225063036
chubu,2008,10056106,12,19.40973225063036
chubu,2008,10867468,10,19.40973225063036
chubu,2009,9764404,11,15.87007548580652
chubu,2009,9959526,12,15.87007548580652
chubu,2009,9866260,10,15.87007548580652
chubu,2010,9955766,11,16.038403407216403
chubu,2010,10320916,12,16.038403407216403
chubu,2010,10537992,10,16.038403407216403
chubu,2011,9677034,11,17.46108958420886
chubu,2011,10211952,12,17.46108958420886
chubu,2011,10245631,10,17.46108958420886
chubu,2012,9619518,11,17.736529206611998
chubu,2012,10446795,12,17.736529206611998
chubu,2012,9905691,10,17.736529206611998
chubu,2013,9899621,11,18.804049327729448
chubu,2013,10205453,12,18.804049327729448
chubu,2013,10157957,10,18.804049327729448
chubu,2014,9606939,11,21.009638965482655
chubu,2014,10021129,12,21.009638965482655
chubu,2014,9801416,10,21.009638965482655
chubu,2015,9485581,11,18.311621757899218
chubu,2015,9529685,12,18.311621757899218
chubu,2015,9650605,10,18.311621757899218
chugoku,2004,4606530,12,15.992525313934305
chugoku,2004,4669089,10,15.992525313934305
chugoku,2004,4462029,11,15.992525313934305
chugoku,2005,4912203,12,15.905838018454793
chugoku,2005,4815835,10,15.905838018454793
chugoku,2005,4565921,11,15.905838018454793
chugoku,2006,5053622,12,13.674125178063814
chugoku,2006,4812973,10,13.674125178063814
chugoku,2006,4771078,11,13.674125178063814
chugoku,2007,5279171,12,15.752037318577134
chugoku,2007,5174158,10,15.752037318577134
chugoku,2007,5003848,11,15.752037318577134
chugoku,2008,4804955,12,19.191971994002863
chugoku,2008,5008602,10,19.191971994002863
chugoku,2008,4832247,11,19.191971994002863
chugoku,2009,4909796,12,15.4993327291284
chugoku,2009,4654014,10,15.4993327291284
chugoku,2009,4569592,11,15.4993327291284
chugoku,2010,5038490,12,15.466313248636784
chugoku,2010,4895489,10,15.466313248636784
chugoku,2010,4701295,11,15.466313248636784
chugoku,2011,4846217,12,16.84690662785463
chugoku,2011,4664932,10,16.84690662785463
chugoku,2011,4408420,11,16.84690662785463
chugoku,2012,4966027,12,16.908320618583527
chugoku,2012,4463778,10,16.908320618583527
chugoku,2012,4409988,11,16.908320618583527
chugoku,2013,4929892,12,17.81631546342882
chugoku,2013,4557149,10,17.81631546342882
chugoku,2013,4491165,11,17.81631546342882
chugoku,2014,4820160,12,18.25938201780967
chugoku,2014,4468753,10,18.25938201780967
chugoku,2014,4483763,11,18.25938201780967
chugoku,2015,4643851,12,16.74870689021721
chugoku,2015,4349787,10,16.74870689021721
chugoku,2015,4338630,11,16.74870689021721
hokkaido,2004,2492619,12,16.729834383883738
hokkaido,2004,2432612,11,16.729834383883738
hokkaido,2004,2384132,10,16.729834383883738
hokkaido,2005,2572230,12,16.444519283839746
hokkaido,2005,2431639,11,16.444519283839746
hokkaido,2005,2425584,10,16.444519283839746
hokkaido,2006,2666586,12,16.534223854582464
hokkaido,2006,2541329,11,16.534223854582464
hokkaido,2006,2479616,10,16.534223854582464
hokkaido,2007,2764644,12,16.497313626680054
hokkaido,2007,2636538,11,16.497313626680054
hokkaido,2007,2498282,10,16.497313626680054
hokkaido,2008,2662995,12,18.993162352314663
hokkaido,2008,2637511,11,18.993162352314663
hokkaido,2008,2550552,10,18.993162352314663
hokkaido,2009,2622708,12,16.017199888423967
hokkaido,2009,2598029,11,16.017199888423967
hokkaido,2009,2409139,10,16.017199888423967
hokkaido,2010,2680571,12,15.957704932525957
hokkaido,2010,2552180,11,15.957704932525957
hokkaido,2010,2461570,10,15.957704932525957
hokkaido,2011,2737349,12,16.593061074079394
hokkaido,2011,2496598,11,16.593061074079394
hokkaido,2011,2447193,10,16.593061074079394
hokkaido,2012,2638161,12,16.40006311041105
hokkaido,2012,2474916,11,16.40006311041105
hokkaido,2012,2330453,10,16.40006311041105
hokkaido,2013,2492999,12,18.929049981803917
hokkaido,2013,2488017,11,18.929049981803917
hokkaido,2013,2254767,10,18.929049981803917
hokkaido,2014,2490302,12,21.562692595505037
hokkaido,2014,2415804,11,21.562692595505037
hokkaido,2014,2269232,10,21.562692595505037
hokkaido,2015,2399761,12,21.28227288923778
hokkaido,2015,2330722,11,21.28227288923778
hokkaido,2015,2151083,10,21.28227288923778
hokuriku,2004,2083209,11,15.162235993938683
hokuriku,2004,2170664,12,15.162235993938683
hokuriku,2004,2094265,10,15.162235993938683
hokuriku,2005,2171622,11,14.644516755629274
hokuriku,2005,2433007,12,14.644516755629274
hokuriku,2005,2151064,10,14.644516755629274
hokuriku,2006,2211124,11,14.397811532647038
hokuriku,2006,2401270,12,14.397811532647038
hokuriku,2006,2184218,10,14.397811532647038
hokuriku,2007,2324252,11,14.409792940430494
hokuriku,2007,2491600,12,14.409792940430494
hokuriku,2007,2307692,10,14.409792940430494
hokuriku,2008,2233227,11,16.715639684209233
hokuriku,2008,2306041,12,16.715639684209233
hokuriku,2008,2266614,10,16.715639684209233
hokuriku,2009,2139219,11,14.18434566202366
hokuriku,2009,2358760,12,14.18434566202366
hokuriku,2009,2099675,10,14.18434566202366
hokuriku,2010,2283036,11,14.042980559593246
hokuriku,2010,2476619,12,14.042980559593246
hokuriku,2010,2193561,10,14.042980559593246
hokuriku,2011,2173595,11,14.698283635385822
hokuriku,2011,2407352,12,14.698283635385822
hokuriku,2011,2164742,10,14.698283635385822
hokuriku,2012,2121987,11,14.926337214037757
hokuriku,2012,2484177,12,14.926337214037757
hokuriku,2012,2074134,10,14.926337214037757
hokuriku,2013,2150697,11,15.457298138705312
hokuriku,2013,2438768,12,15.457298138705312
hokuriku,2013,2130237,10,15.457298138705312
hokuriku,2014,2124155,11,15.648352637242734
hokuriku,2014,2493756,12,15.648352637242734
hokuriku,2014,2080377,10,15.648352637242734
hokuriku,2015,2089652,11,15.224119169849429
hokuriku,2015,2318044,12,15.224119169849429
hokuriku,2015,2060098,10,15.224119169849429
kansai,2004,11034701,12,16.77313575632532
kansai,2004,11868810,10,16.77313575632532
kansai,2004,10646811,11,16.77313575632532
kansai,2005,11895814,12,16.24152082342776
kansai,2005,11852608,10,16.24152082342776
kansai,2005,10825250,11,16.24152082342776
kansai,2006,11731352,12,15.855034883401766
kansai,2006,11628618,10,15.855034883401766
kansai,2006,11226179,11,15.855034883401766
kansai,2007,12151606,12,16.534175457211067
kansai,2007,12100341,10,16.534175457211067
kansai,2007,11338232,11,16.534175457211067
kansai,2008,11271457,12,18.092610838861912
kansai,2008,11875451,10,18.092610838861912
kansai,2008,11285641,11,18.092610838861912
kansai,2009,11313166,12,15.6811863367576
kansai,2009,11260014,10,15.6811863367576
kansai,2009,10985711,11,15.6811863367576
kansai,2010,11742536,12,15.670508563188024
kansai,2010,12013989,10,15.670508563188024
kansai,2010,11135264,11,15.670508563188024
kansai,2011,11405170,12,16.33572186419579
kansai,2011,11424938,10,16.33572186419579
kansai,2011,10720489,11,16.33572186419579
kansai,2012,11741700,12,16.811777369585126
kansai,2012,10829947,10,16.811777369585126
kansai,2012,10633469,11,16.811777369585126
kansai,2013,11141522,12,20.317918390675004
kansai,2013,10934898,10,20.317918390675004
kansai,2013,10780124,11,20.317918390675004
kansai,2014,10718089,12,21.004065768583832
kansai,2014,10442256,10,21.004065768583832
kansai,2014,10219365,11,21.004065768583832
kansai,2015,9837687,12,20.329453652606
kansai,2015,9757192,10,20.329453652606
kansai,2015,9631339,11,20.329453652606
kyushu,2004,5912045,11,15.952128231597689
kyushu,2004,6096060,12,15.952128231597689
kyushu,2004,6491441,10,15.952128231597689
kyushu,2005,6197382,11,15.891821094158892
kyushu,2005,6688920,12,15.891821094158892
kyushu,2005,6921011,10,15.891821094158892
kyushu,2006,6516854,11,15.420028868837552
kyushu,2006,6760323,12,15.420028868837552
kyushu,2006,6666777,10,15.420028868837552
kyushu,2007,6652799,11,15.462779367581552
kyushu,2007,6982262,12,15.462779367581552
kyushu,2007,7616908,10,15.462779367581552
kyushu,2008,6609816,11,17.39931534272106
kyushu,2008,6697383,12,17.39931534272106
kyushu,2008,7177610,10,17.39931534272106
kyushu,2009,6398423,11,15.309771368665086
kyushu,2009,6639999,12,15.309771368665086
kyushu,2009,6727439,10,15.309771368665086
kyushu,2010,6468831,11,15.21185861172128
kyushu,2010,6843362,12,15.21185861172128
kyushu,2010,6997305,10,15.21185861172128
kyushu,2011,6335912,11,16.026594976310577
kyushu,2011,6574925,12,16.026594976310577
kyushu,2011,6776984,10,16.026594976310577
kyushu,2012,6289861,11,16.17998728189523
kyushu,2012,6961960,12,16.17998728189523
kyushu,2012,6519563,10,16.17998728189523
kyushu,2013,6406775,11,18.566729782183327
kyushu,2013,6746117,12,18.566729782183327
kyushu,2013,6775212,10,18.566729782183327
kyushu,2014,6183652,11,19.10883044714026
kyushu,2014,6455367,12,19.10883044714026
kyushu,2014,6452577,10,19.10883044714026
kyushu,2015,6030807,11,17.736735945324963
kyushu,2015,6114911,12,17.736735945324963
kyushu,2015,6121929,10,17.736735945324963
okinawa,2004,522993,12,20.09063285559095
okinawa,2004,567278,11,20.09063285559095
okinawa,2004,659907,10,20.09063285559095
okinawa,2005,534044,12,20.51703599647007
okinawa,2005,611511,11,20.51703599647007
okinawa,2005,727526,10,20.51703599647007
okinawa,2006,551414,12,20.472895411860648
okinawa,2006,611654,11,20.472895411860648
okinawa,2006,676645,10,20.472895411860648
okinawa,2007,551497,12,20.955607299344223
okinawa,2007,639468,11,20.955607299344223
okinawa,2007,701596,10,20.955607299344223
okinawa,2008,520847,12,23.552332489784472
okinawa,2008,672341,11,23.552332489784472
okinawa,2008,720172,10,23.552332489784472
okinawa,2009,541718,12,20.421900131088407
okinawa,2009,617953,11,20.421900131088407
okinawa,2009,704176,10,20.421900131088407
okinawa,2010,539882,12,20.37345230857047
okinawa,2010,616857,11,20.37345230857047
okinawa,2010,717262,10,20.37345230857047
okinawa,2011,562543,12,21.701885696273727
okinawa,2011,606290,11,21.701885696273727
okinawa,2011,691094,10,21.701885696273727
okinawa,2012,543906,12,21.36553705242977
okinawa,2012,584984,11,21.36553705242977
okinawa,2012,627158,10,21.36553705242977
okinawa,2013,545200,12,22.63357271974067
okinawa,2013,611157,11,22.63357271974067
okinawa,2013,701794,10,22.63357271974067
okinawa,2014,525776,12,22.64584100479316
okinawa,2014,626507,11,22.64584100479316
okinawa,2014,735406,10,22.64584100479316
okinawa,2015,562307,12,20.99359579336539
okinawa,2015,626117,11,20.99359579336539
okinawa,2015,704508,10,20.99359579336539
shikoku,2004,2006303,11,16.437108780813766
shikoku,2004,2152288,10,16.437108780813766
shikoku,2004,2145117,12,16.437108780813766
shikoku,2005,2094633,11,15.997648136624898
shikoku,2005,2218932,10,15.997648136624898
shikoku,2005,2347955,12,15.997648136624898
shikoku,2006,2130451,11,16.108555212175435
shikoku,2006,2206358,10,16.108555212175435
shikoku,2006,2309260,12,16.108555212175435
shikoku,2007,2201941,11,15.94664705259726
shikoku,2007,2392956,10,15.94664705259726
shikoku,2007,2383842,12,15.94664705259726
shikoku,2008,2159686,11,18.26123187284195
shikoku,2008,2272939,10,18.26123187284195
shikoku,2008,2335039,12,18.26123187284195
shikoku,2009,2097291,11,16.244545283210346
shikoku,2009,2197813,10,16.244545283210346
shikoku,2009,2258349,12,16.244545283210346
shikoku,2010,2130639,11,16.09308736685176
shikoku,2010,2259746,10,16.09308736685176
shikoku,2010,2322269,12,16.09308736685176
shikoku,2011,2097668,11,16.626684607289743
shikoku,2011,2204353,10,16.626684607289743
shikoku,2011,2264947,12,16.626684607289743
shikoku,2012,2031635,11,16.946433265542844
shikoku,2012,2089222,10,16.946433265542844
shikoku,2012,2284776,12,16.946433265542844
shikoku,2013,2008497,11,19.49111395674785
shikoku,2013,2123497,10,19.49111395674785
shikoku,2013,2225538,12,19.49111395674785
shikoku,2014,2002484,11,19.57443906167505
shikoku,2014,2031715,10,19.57443906167505
shikoku,2014,2248786,12,19.57443906167505
shikoku,2015,1940439,11,18.61557701767143
shikoku,2015,1961776,10,18.61557701767143
shikoku,2015,2057780,12,18.61557701767143
tohoku,2004,6239194,12,15.749476489660696
tohoku,2004,6106301,10,15.749476489660696
tohoku,2004,5991134,11,15.749476489660696
tohoku,2005,6816534,12,16.20731298809889
tohoku,2005,6231934,10,16.20731298809889
tohoku,2005,6220360,11,16.20731298809889
tohoku,2006,6972575,12,16.133495910580617
tohoku,2006,6317266,10,16.133495910580617
tohoku,2006,6549683,11,16.133495910580617
tohoku,2007,7076482,12,16.190797293629974
tohoku,2007,6706168,10,16.190797293629974
tohoku,2007,6700852,11,16.190797293629974
tohoku,2008,6746930,12,19.147506581006205
tohoku,2008,6580376,10,19.147506581006205
tohoku,2008,6519506,11,19.147506581006205
tohoku,2009,6795644,12,15.910094592717211
tohoku,2009,6239138,10,15.910094592717211
tohoku,2009,6247856,11,15.910094592717211
tohoku,2010,6989739,12,16.089401345128632
tohoku,2010,6412602,10,16.089401345128632
tohoku,2010,6467249,11,16.089401345128632
tohoku,2011,6522573,12,17.05979808334561
tohoku,2011,5777632,10,17.05979808334561
tohoku,2011,5818051,11,17.05979808334561
tohoku,2012,6728051,12,17.18517852657356
tohoku,2012,5954562,10,17.18517852657356
tohoku,2012,5853113,11,17.18517852657356
tohoku,2013,6493273,12,20.430577295282028
tohoku,2013,5941164,10,20.430577295282028
tohoku,2013,6014943,11,20.430577295282028
tohoku,2014,6703869,12,21.281598258159253
tohoku,2014,5853693,10,21.281598258159253
tohoku,2014,5892880,11,21.281598258159253
tohoku,2015,6351820,12,19.48852773161434
tohoku,2015,5723525,10,19.48852773161434
tohoku,2015,5802219,11,19.48852773161434
tokyo,2004,22691662,10,16.21952020019887
tokyo,2004,22230832,12,16.21952020019887
tokyo,2004,21817020,11,16.21952020019887
tokyo,2005,23067948,10,16.989693682894938
tokyo,2005,23669805,12,16.989693682894938
tokyo,2005,21867338,11,16.989693682894938
tokyo,2006,22307638,10,16.889316312286592
tokyo,2006,23787857,12,16.889316312286592
tokyo,2006,22943893,11,16.889316312286592
tokyo,2007,23607988,10,17.12167115471071
tokyo,2007,24248170,12,17.12167115471071
tokyo,2007,22936650,11,17.12167115471071
tokyo,2008,23362213,10,20.597622897205888
tokyo,2008,23369514,12,20.597622897205888
tokyo,2008,22534472,11,20.597622897205888
tokyo,2009,21983224,10,16.13487162704931
tokyo,2009,23082426,12,16.13487162704931
tokyo,2009,21874408,11,16.13487162704931
tokyo,2010,22943386,10,16.621371504642518
tokyo,2010,22914124,12,16.621371504642518
tokyo,2010,22203969,11,16.621371504642518
tokyo,2011,20510086,10,18.425494928770448
tokyo,2011,21816343,12,18.425494928770448
tokyo,2011,20488861,11,18.425494928770448
tokyo,2012,21162855,10,20.733008984350924
tokyo,2012,22730922,12,20.733008984350924
tokyo,2012,20353556,11,20.733008984350924
tokyo,2013,20783728,10,22.479042027247296
tokyo,2013,21548922,12,22.479042027247296
tokyo,2013,20520789,11,22.479042027247296
tokyo,2014,19645315,10,23.53623166406412
tokyo,2014,21401726,12,23.53623166406412
tokyo,2014,19533445,11,23.53623166406412
tokyo,2015,18760276,10,20.329150365345665
tokyo,2015,19788400,12,20.329150365345665
tokyo,2015,18441165,11,20.329150365345665
